Pos,Name,Value
1,China,5169000000000
2,United States,4048000000000
3,European Union,3260000000000
4,Russia,1054000000000
5,India,974900000000
6,Japan,963000000000
7,Canada,644100000000
8,Germany,575900000000
9,France,532000000000
10,Brazil,530400000000
11,"Korea, South",494700000000
12,United Kingdom,365700000000
13,Italy,286200000000
14,Mexico,277600000000
15,Spain,276500000000
16,South Africa,257900000000
17,Australia,239700000000
18,Saudi Arabia,235100000000
19,Taiwan,235000000000
20,Turkey,228100000000
21,Iran,225800000000
22,Ukraine,198100000000
23,Thailand,173300000000
24,Indonesia,172700000000
25,Sweden,162900000000
26,Egypt,152000000000
27,Poland,150900000000
28,Norway,144700000000
29,Venezuela,127600000000
30,Argentina,123200000000
31,Malaysia,118000000000
32,Vietnam,117000000000
33,Netherlands,98570000000
34,United Arab Emirates,97910000000
35,Kazakhstan,90530000000
36,Pakistan,89880000000
37,Czech Republic,81710000000
38,Belgium,74130000000
39,Austria,69000000000
40,Finland,67690000000
41,Philippines,66010000000
42,Switzerland,65540000000
43,Israel,64440000000
44,Iraq,62300000000
45,Chile,61850000000
46,Colombia,59220000000
47,Paraguay,57050000000
48,Romania,56710000000
49,Greece,54980000000
50,Kuwait,54010000000
51,Uzbekistan,52530000000
52,Algeria,48050000000
53,Singapore,47950000000
54,Bulgaria,46650000000
55,Portugal,44270000000
56,New Zealand,42910000000
57,Bangladesh,42410000000
58,Hong Kong,39970000000
59,Syria,38780000000
60,Peru,38400000000
61,Serbia,37650000000
62,Hungary,34280000000
63,Belarus,30330000000
64,Denmark,29850000000
65,Qatar,28870000000
66,Slovakia,26420000000
67,Ireland,26090000000
68,Libya,25960000000
69,Nigeria,25700000000
70,Morocco,23650000000
71,Azerbaijan,22990000000
72,Ecuador,22850000000
73,"Korea, North",20990000000
74,Oman,20070000000
75,Puerto Rico,20020000000
76,Turkmenistan,19970000000
77,Jordan,17260000000
78,Iceland,17190000000
79,Tajikistan,17090000000
80,Cuba,16750000000
81,Lebanon,15420000000
82,Tunisia,15230000000
83,Kyrgyzstan,14960000000
84,Mozambique,14830000000
85,Slovenia,14760000000
86,Croatia,14240000000
87,Dominican Republic,13090000000
88,Bahrain,13000000000
89,Bosnia and Herzegovina,12930000000
90,Lithuania,12270000000
91,Laos,12240000000
92,Sri Lanka,11800000000
93,Estonia,11660000000
94,Zambia,11340000000
95,Ghana,10910000000
96,Uruguay,10160000000
97,Costa Rica,9889000000
98,Georgia,9694000000
99,Guatemala,8361000000
100,Trinidad and Tobago,8355000000
101,"Congo, Democratic Republic of the",7802000000
102,Panama,7642000000
103,Kenya,7618000000
104,Bhutan,7550000000
105,Bolivia,7375000000
106,Zimbabwe,7297000000
107,Sudan,7193000000
108,Burma,7144000000
109,Armenia,7075000000
110,Albania,6987000000
111,Honduras,6713000000
112,El Salvador,5992000000
113,Latvia,5891000000
114,Cote d'Ivoire,5870000000
115,Cameroon,5857000000
116,Kosovo,5847000000
117,Yemen,5834000000
118,Macedonia,5676000000
119,Angola,5512000000
120,Moldova,5456000000
121,Tanzania,5115000000
122,Ethiopia,5107000000
123,Jamaica,4745000000
124,Mongolia,4472000000
125,Cyprus,4443000000
126,Nicaragua,4159000000
127,Brunei,3500000000
128,Nepal,3431000000
129,Papua New Guinea,3325000000
130,Senegal,2801000000
131,Mauritius,2628000000
132,Montenegro,2557000000
133,Uganda,2493000000
134,New Caledonia,2430000000
135,Malta,2221000000
136,Luxembourg,2211000000
137,"Bahamas, The",2190000000
138,Malawi,2069000000
139,Curacao,1785000000
140,Guam,1734000000
141,Gabon,1702000000
142,Suriname,1600000000
143,Madagascar,1340000000
144,Namibia,1331000000
145,Barbados,1002000000
146,Cambodia,991200000
147,Aruba,980000000
148,Guinea,950000000
149,Mauritania,930000000
150,South Sudan,881300000
151,Fiji,836100000
152,Afghanistan,833100000
153,French Polynesia,825000000
154,Virgin Islands,794000000
155,Haiti,726000000
156,Guyana,725000000
157,Lesotho,700000000
158,Bermuda,674000000
159,Cayman Islands,594000000
160,Burkina Faso,579000000
161,"Congo, Republic of the",559000000
162,West Bank,535000000
163,Mali,520000000
164,Belize,452200000
165,Swaziland,415000000
166,Macau,413700000
167,Saint Lucia,362000000
168,Botswana,350000000
169,Liberia,335000000
170,Djibouti,330000000
171,Greenland,320000000
172,Eritrea,317000000
173,Antigua and Barbuda,310000000
174,Somalia,310000000
175,Cabo Verde,307000000
176,Sint Maarten,304300000
177,Seychelles,304000000
178,Rwanda,300200000
179,Niger,300000000
180,Maldives,265200000
181,Faroe Islands,261000000
182,"Gambia, The",230000000
183,Chad,200000000
184,Grenada,196000000
185,"Micronesia, Federated States of",192000000
186,Turks and Caicos Islands,185000000
187,Central African Republic,175000000
188,Gibraltar,161000000
189,American Samoa,155000000
190,Burundi,152000000
191,Benin,146000000
192,Liechtenstein,145300000
193,Sierra Leone,145000000
194,Saint Kitts and Nevis,138000000
195,Togo,136000000
196,Saint Vincent and the Grenadines,135000000
197,Timor-Leste,131700000
198,Samoa,115200000
199,Dominica,105500000
200,Equatorial Guinea,97000000
201,Andorra,91240000
202,Western Sahara,90000000
203,Solomon Islands,85000000
204,Sao Tome and Principe,60000000
205,Guinea-Bissau,55000000
206,Vanuatu,55000000
207,British Virgin Islands,53000000
208,Tonga,48000000
209,Comoros,43000000
210,Saint Pierre and Miquelon,42000000
211,Cook Islands,32130000
212,Kiribati,25000000
213,Nauru,25000000
214,Montserrat,24000000
215,Falkland Islands (Islas Malvinas),12000000
216,"Saint Helena, Ascension, and Tristan da Cunha",8000000
217,Niue,3000000
218,Northern Mariana Islands,60600
219,Gaza Strip,51000
